{
  "timestamp": "2025-11-30T14:07:41.645592",
  "input": "i am a pen and you are towl",
  "pre": {
    "d_s": 0.2962962962962963,
    "d_o": 0.617283950617284,
    "delta_psi": 0.48188672910417096,
    "delta_phi": 1.184380430403352,
    "R": 0.2596222516172676,
    "kappa": 0.7335667986277474,
    "B": 0.0,
    "lambda": 1.0,
    "tau": 0.32524367434016505,
    "entropy": 0.8980380023997033,
    "noise": 0.11113223874345168,
    "L": 27,
    "phi_real": 1.184380430403352,
    "phi_re": 0.37687101041216264,
    "phi_im": 0.9262657510190667,
    "phi_jump": 0.0,
    "raw": {
      "length": 27,
      "spaces": 7,
      "punct": 0,
      "dots": 0,
      "unique": 15,
      "freq": {
        "i": 1,
        " ": 7,
        "a": 4,
        "m": 1,
        "p": 1,
        "e": 2,
        "n": 2,
        "d": 1,
        "y": 1,
        "o": 2,
        "u": 1,
        "r": 1,
        "t": 1,
        "w": 1,
        "l": 1
      }
    }
  },
  "collapse": "object-dominant",
  "outcome": {
    "s": 0,
    "o": 1
  },
  "post": {
    "d_s": 0.30344827586206896,
    "d_o": 0.6670630202140309,
    "delta_psi": 0.6851401840049555,
    "delta_phi": 1.4451326206513049,
    "R": 0.0890298141870575,
    "kappa": 0.7138502048638622,
    "B": 0.0,
    "lambda": 1.0,
    "tau": 0.3474141989090428,
    "entropy": 0.9046161697527308,
    "noise": 0.298055184908949,
    "L": 29,
    "phi_real": 1.4451326206513049,
    "phi_re": 0.12533323356430426,
    "phi_im": 0.9921147013144779,
    "phi_jump": 0.2607521902479528,
    "raw": {
      "length": 29,
      "spaces": 7,
      "punct": 0,
      "dots": 0,
      "unique": 17,
      "freq": {
        "i": 1,
        " ": 7,
        "a": 4,
        "m": 1,
        "p": 1,
        "e": 2,
        "n": 2,
        "d": 1,
        "y": 1,
        "o": 2,
        "u": 1,
        "r": 1,
        "t": 1,
        "w": 1,
        "l": 1,
        "#": 1,
        "0": 1
      }
    }
  },
  "version": "dual_observe v3.1-12D-complex"
}