{
  "timestamp": "2025-11-30T13:43:58.344304",
  "input": "that are funny",
  "pre": {
    "d_s": 0.0,
    "d_o": 0.3213701789281588,
    "delta_psi": 0.5230811483680108,
    "delta_phi": 0.10478890393542285,
    "R": 0.8,
    "kappa": 0.8251247018372485,
    "B": 0.0,
    "lambda": 0.7071778926431047,
    "tau": 0.1732351578346601,
    "raw": {
      "length": 14,
      "unique": 10,
      "ex": 0,
      "q": 0,
      "dots": 0,
      "space": 2
    }
  },
  "collapse": "object_collapse",
  "outcome": {
    "s": 1,
    "o": 0
  },
  "post": {
    "d_s": 0.0,
    "d_o": 0.2635247201327821,
    "delta_psi": 0.18606262460534964,
    "delta_phi": 0.9961109592874489,
    "R": 0.825,
    "kappa": 0.8112831464245396,
    "B": 0.0,
    "lambda": 0.7418851679203307,
    "tau": 0.197375320224904,
    "raw": {
      "length": 16,
      "unique": 12,
      "ex": 0,
      "q": 0,
      "dots": 0,
      "space": 2
    }
  },
  "version": "dual_observe v2.1"
}