{
  "timestamp": "2025-11-30T14:17:08.786288",
  "input": "i am a payphone",
  "pre": {
    "d_s": 0.32000000000000006,
    "d_o": 0.8,
    "delta_psi": 0.5681606723957382,
    "delta_phi": 1.168672467135403,
    "R": 0.3000531445751886,
    "kappa": 0.8332844762004974,
    "B": 0.0,
    "lambda": 1.0,
    "tau": 0.1853331999081395,
    "entropy": 0.9451054244126187,
    "noise": 0.1340537639102748,
    "L": 15,
    "phi_real": 1.168672467135403,
    "phi_re": 0.39137366683720254,
    "phi_im": 0.9202318473658703,
    "phi_jump": 0.0,
    "raw": {
      "length": 15,
      "spaces": 3,
      "punct": 0,
      "dots": 0,
      "unique": 10,
      "freq": {
        "i": 1,
        " ": 3,
        "a": 3,
        "m": 1,
        "p": 2,
        "y": 1,
        "h": 1,
        "o": 1,
        "n": 1,
        "e": 1
      }
    }
  },
  "collapse": "object-dominant",
  "outcome": {
    "s": 1,
    "o": 0
  },
  "post": {
    "d_s": 0.32941176470588235,
    "d_o": 0.8719723183391004,
    "delta_psi": 0.7996529172205568,
    "delta_phi": 1.4325662500369458,
    "R": 0.10942170142603604,
    "kappa": 0.7036700016911682,
    "B": 0.0,
    "lambda": 1.0,
    "tau": 0.20935816942801874,
    "entropy": 0.9513118343844534,
    "noise": 0.34511560789726037,
    "L": 17,
    "phi_real": 1.4325662500369458,
    "phi_re": 0.13779029068463797,
    "phi_im": 0.9904614256966512,
    "phi_jump": 0.26389378290154286,
    "raw": {
      "length": 17,
      "spaces": 3,
      "punct": 0,
      "dots": 0,
      "unique": 12,
      "freq": {
        "i": 1,
        " ": 3,
        "a": 3,
        "m": 1,
        "p": 2,
        "y": 1,
        "h": 1,
        "o": 1,
        "n": 1,
        "e": 1,
        "#": 1,
        "1": 1
      }
    }
  },
  "version": "dual_observe v3.0-12D-complex"
}