{
  "timestamp": "2025-11-30T13:33:26.330681",
  "input": "宇宙は1次元",
  "pre": {
    "delta_psi": 0.15278295843510095,
    "delta_phi": 0.18329139091009433,
    "R": 0.2913037002602272,
    "kappa": 0.8530397116951965
  },
  "outcome": {
    "s": 0,
    "o": 1
  },
  "post": {
    "delta_psi": 0.913659213510458,
    "delta_phi": 0.7350256490929054,
    "R": 0.8480920458301545,
    "kappa": 0.8842377562689616
  },
  "version": "dual_observe v1.1"
}