{
  "timestamp": "2025-11-30T13:57:36.421819",
  "input": "here is a organge",
  "pre": {
    "d_s": 0.32941176470588235,
    "d_o": 0.726643598615917,
    "delta_psi": 0.46907230106121783,
    "delta_phi": 1.7969909978533618,
    "R": 0.1596280122051478,
    "kappa": 0.7319881614270595,
    "B": 0.0,
    "lambda": 1.0,
    "tau": 0.20935816942801874,
    "entropy": 0.9558073035958117,
    "noise": 0.154722144428035,
    "L": 17,
    "raw": {
      "length": 17,
      "spaces": 3,
      "punct": 0,
      "dots": 0,
      "unique": 10,
      "freq": {
        "h": 1,
        "e": 3,
        "r": 2,
        " ": 3,
        "i": 1,
        "s": 1,
        "a": 2,
        "o": 1,
        "g": 2,
        "n": 1
      }
    }
  },
  "collapse": "object-dominant",
  "outcome": {
    "s": 0,
    "o": 1
  },
  "post": {
    "d_s": 0.3368421052631579,
    "d_o": 0.7977839335180055,
    "delta_psi": 0.3692538252317884,
    "delta_phi": 2.0577431881013144,
    "R": 0.3472531779512674,
    "kappa": 0.7216866602058509,
    "B": 0.0,
    "lambda": 1.0,
    "tau": 0.2331330090426386,
    "entropy": 0.9572271858233162,
    "noise": 0.01100032364026049,
    "L": 19,
    "raw": {
      "length": 19,
      "spaces": 3,
      "punct": 0,
      "dots": 0,
      "unique": 12,
      "freq": {
        "h": 1,
        "e": 3,
        "r": 2,
        " ": 3,
        "i": 1,
        "s": 1,
        "a": 2,
        "o": 1,
        "g": 2,
        "n": 1,
        "#": 1,
        "0": 1
      }
    }
  },
  "version": "dual_observe v3.0-12D"
}