{
  "timestamp": "2025-11-30T13:04:01+09:00",
  "version": "dual_observe text-mode v0.2",
  "input_text": "i am a pen",
  "text_analysis": {
    "text_length": 10,
    "tension": 0.0,
    "clarity": 1.0
  },
  "observer_state_2q": [
    [
      -0.4110076319436343,
      -0.4758590196258399
    ],
    [
      -0.13223620996871896,
      0.47263924822465075
    ],
    [
      -0.14770181392009643,
      -0.07403613542261343
    ],
    [
      0.5285510521685022,
      0.23894195069835134
    ]
  ],
  "object_state_1q": [
    [
      0.06300269971517729,
      0.151176623616453
    ],
    [
      -0.7501040691741947,
      0.6407184824155173
    ]
  ],
  "metrics": {
    "delta_psi": 0.8716885593450162,
    "delta_phi": 1.9715844252850978,
    "R": -0.31409922035684823,
    "kappa": 0.329144393711554
  }
}