{
  "input": "さらんへ",
  "init_mode": 1,
  "p_00": 0.24493017854039592,
  "p_01": 0.2544642013421163,
  "p_10": 0.2556905923336609,
  "p_11": 0.2449150277838269,
  "collapsed_state": "object_object",
  "decoherence_gamma": 0.984035432012125,
  "entanglement_entropy": 1.999418151073019,
  "timestamp": "2025-11-30T14:50:26.540678",
  "dimension": 8192,
  "env_size": 2048
}